"VIS_Column","Min","First_Q","Median","Mean","Third_Q","Max","Total_Data_Points","Num_Outlier","Outlier_Per"
"WEIGHT",0,2198.4,2670.21,2705.72101729578,3192.26,9852.8,97307,5277,0.0542
"MOST_CURRENT_HEIGHT",5.9,63,66,65.2843454253542,69.5,118,92182,4443,0.0482
"BMI",0.17,22.46,26.14,27.2080110227507,30.74,3515,92173,2815,0.0305
